Category,Product Name,Product Link,Primary Image,Original Price,Sale Price,Description,Sizes,All Images
low-top,305 beige doodle print canvas low-top sneaker,https://7-10.in/collections/low-top/products/men-beige-yellow-lowtop-sneakers-710-305-my,7-10.in/cdn/shop/products/710.305.MY-1_400x.jpg?v=1651042576,"Rs. 3,999.00","Rs. 2,800.00",Description not found.,"40, 41, 42, 43, 44, 45","7-10.in/cdn/shop/products/710.305.MY-1_740x.jpg?v=1651042576, 7-10.in/cdn/shop/products/710.305.MY-2_740x.jpg?v=1651042579, 7-10.in/cdn/shop/products/710.305.MY-3_740x.jpg?v=1651042582, 7-10.in/cdn/shop/products/710.305.MY-4_740x.jpg?v=1651042586"
low-top,301 powder blue over panelled low-top sneaker,https://7-10.in/collections/low-top/products/men-powderblue-lowtop-sneakers-710-301-mb,7-10.in/cdn/shop/files/710.301.MB-1_400x.jpg?v=1696418646,"Rs. 3,999.00","Rs. 2,800.00",Description not found.,"40, 41, 42, 43, 44, 45","7-10.in/cdn/shop/files/710.301.MB-1_740x.jpg?v=1696418646, 7-10.in/cdn/shop/files/710.301.MB-2_740x.jpg?v=1696418646, 7-10.in/cdn/shop/files/710.301.MB-3_740x.jpg?v=1696418646, 7-10.in/cdn/shop/files/710.301.MB-4_740x.jpg?v=1696418664"
low-top,718 triple white technical low-top sneaker,https://7-10.in/collections/low-top/products/men-triple-white-lowtop-sneakers-710-718-mtw,7-10.in/cdn/shop/files/710.718.MTW-1_400x.jpg?v=1709112769,"Rs. 4,799.00","Rs. 3,360.00",Description not found.,"40, 41, 42, 43, 44, 45, 46","7-10.in/cdn/shop/files/710.718.MTW-1_740x.jpg?v=1709112769, 7-10.in/cdn/shop/files/710.718.MTW-2_740x.jpg?v=1709112769, 7-10.in/cdn/shop/files/710.718.MTW-3_740x.jpg?v=1709112769, 7-10.in/cdn/shop/files/710.718.MTW-4_740x.jpg?v=1709112769, 7-10.in/cdn/shop/files/710.718.MTW-5_740x.jpg?v=1709112769, 7-10.in/cdn/shop/files/preview_images/cce3984115f24bd6b4eb0c48178cbc3a.thumbnail.0000000000_740x.jpg?v=1709112782"
low-top,702 white ice low-top sneaker,https://7-10.in/collections/low-top/products/men-whiteice-lowtop-sneakers-710-702-mwi,7-10.in/cdn/shop/files/1_b4d290dc-c3a8-4f4d-9190-f90f7e192977_400x.jpg?v=1694772566,"Rs. 4,799.00","Rs. 3,360.00",Description not found.,"40, 41, 42, 43, 44, 45, 46","7-10.in/cdn/shop/files/1_b4d290dc-c3a8-4f4d-9190-f90f7e192977_740x.jpg?v=1694772566, 7-10.in/cdn/shop/files/2_33e64be9-0d1d-406e-86aa-50a87dafb7b3_740x.jpg?v=1694772566, 7-10.in/cdn/shop/files/3_b8c1500c-e978-458c-893b-dfbcab3b3897_740x.jpg?v=1694772566, 7-10.in/cdn/shop/files/4_0240f02b-cacb-4f53-a8a6-6e907525f4e8_740x.jpg?v=1694772566, 7-10.in/cdn/shop/files/preview_images/cb563d4a35f146009b310d76c2c6cd46.thumbnail.0000000000_740x.jpg?v=1694772586, 7-10.in/cdn/shop/files/6_a6799ed6-e7f8-413c-9059-c2731ed226b5_740x.jpg?v=1694772566"
low-top,718 white yellow technical low-top sneaker,https://7-10.in/collections/low-top/products/men-white-yellow-lowtop-sneakers-710-718-mw,7-10.in/cdn/shop/files/710.718.MW-1_400x.jpg?v=1709113616,"Rs. 4,799.00","Rs. 3,360.00",Description not found.,"40, 41, 42, 43, 44, 45, 46","7-10.in/cdn/shop/files/710.718.MW-1_740x.jpg?v=1709113616, 7-10.in/cdn/shop/files/710.718.MW-2_740x.jpg?v=1709113616, 7-10.in/cdn/shop/files/710.718.MW-3_740x.jpg?v=1709113616, 7-10.in/cdn/shop/files/710.718.MW-4_740x.jpg?v=1709113616, 7-10.in/cdn/shop/files/710.718.MW-5_740x.jpg?v=1709113616, 7-10.in/cdn/shop/files/preview_images/c44ad4cd0c7141a39064abc19d5f77cb.thumbnail.0000000000_740x.jpg?v=1709113629"
low-top,704 white blue applique low-top sneaker,https://7-10.in/collections/low-top/products/men-white-blue-lowtop-sneakers-710-704-mb,7-10.in/cdn/shop/files/710.704.MB-1_400x.jpg?v=1709115553,"Rs. 4,899.00","Rs. 3,430.00",Description not found.,"40, 41, 42, 43, 44, 45, 46","7-10.in/cdn/shop/files/710.704.MB-1_740x.jpg?v=1709115553, 7-10.in/cdn/shop/files/710.704.MB-2_740x.jpg?v=1709115554, 7-10.in/cdn/shop/files/710.704.MB-3_740x.jpg?v=1709115553, 7-10.in/cdn/shop/files/710.704.MB-4_740x.jpg?v=1709115553, 7-10.in/cdn/shop/files/710.704.MB-5_740x.jpg?v=1709115554, 7-10.in/cdn/shop/files/preview_images/8f0a5d13ff87441bb6285cb6d32f07c8.thumbnail.0000000000_740x.jpg?v=1709115567"
low-top,704 red white applique low-top sneaker,https://7-10.in/collections/low-top/products/men-red-white-lowtop-sneakers-710-704-mr,7-10.in/cdn/shop/files/710.704.MR-1_400x.jpg?v=1709115264,"Rs. 4,899.00","Rs. 3,430.00",Description not found.,"40, 41, 42, 43, 44, 45, 46","7-10.in/cdn/shop/files/710.704.MR-1_740x.jpg?v=1709115264, 7-10.in/cdn/shop/files/710.704.MR-2_740x.jpg?v=1709115265, 7-10.in/cdn/shop/files/710.704.MR-3_740x.jpg?v=1709115264, 7-10.in/cdn/shop/files/710.704.MR-4_740x.jpg?v=1709115264, 7-10.in/cdn/shop/files/710.704.MR-5_740x.jpg?v=1709115263, 7-10.in/cdn/shop/files/preview_images/8696d8be1ccb48c69bf5cd5718cb0a0f.thumbnail.0000000000_740x.jpg?v=1709115277"
low-top,702 triple white low top sneaker,https://7-10.in/collections/low-top/products/men-triplewhite-lowtop-sneakers-710-702-mtw,7-10.in/cdn/shop/files/702.W-1_400x.jpg?v=1720158651,"Rs. 4,799.00","Rs. 3,360.00",Description not found.,"40, 41, 42, 43, 44, 45, 46","7-10.in/cdn/shop/files/702.W-1_740x.jpg?v=1720158651, 7-10.in/cdn/shop/files/702.W-2_740x.jpg?v=1720158651, 7-10.in/cdn/shop/files/702.W-3_740x.jpg?v=1720158651, 7-10.in/cdn/shop/files/702.W-4_740x.jpg?v=1720158651, 7-10.in/cdn/shop/files/preview_images/0d53a2244f714b1f9542d365af6062f8.thumbnail.0000000000_740x.jpg?v=1687945763, 7-10.in/cdn/shop/files/702.W-5copy_740x.jpg?v=1720158651, 7-10.in/cdn/shop/files/702_91f43999-4684-41b3-80f9-c1d842a5ef03_740x.jpg?v=1720158651"
low-top,314 beige applique canvas low-top sneaker,https://7-10.in/collections/low-top/products/men-beige-applique-canvas-lowtop-sneakers-710-314-mb,7-10.in/cdn/shop/files/710.314.MB-1_400x.jpg?v=1709115900,"Rs. 3,999.00","Rs. 2,800.00",Description not found.,"40, 41, 42, 43, 44, 45","7-10.in/cdn/shop/files/710.314.MB-1_740x.jpg?v=1709115900, 7-10.in/cdn/shop/files/710.314.MB-2_740x.jpg?v=1709115899, 7-10.in/cdn/shop/files/710.314.MB-3_740x.jpg?v=1709115899, 7-10.in/cdn/shop/files/710.314.MB-4_740x.jpg?v=1709115899, 7-10.in/cdn/shop/files/710.314.MB-5_740x.jpg?v=1709115899, 7-10.in/cdn/shop/files/preview_images/d43e5a502f294472884c8d217b577251.thumbnail.0000000000_740x.jpg?v=1709115913"
low-top,702 triple black low top sneaker,https://7-10.in/collections/low-top/products/men-tripleblack-lowtop-sneakers-710-702-mtb,7-10.in/cdn/shop/files/702.B-1_400x.jpg?v=1686565470,"Rs. 4,799.00","Rs. 3,360.00",Description not found.,"40, 41, 42, 43, 44, 45, 46","7-10.in/cdn/shop/files/702.B-1_740x.jpg?v=1686565470, 7-10.in/cdn/shop/files/702.B-2_740x.jpg?v=1686565470, 7-10.in/cdn/shop/files/702.B-3_740x.jpg?v=1686565469, 7-10.in/cdn/shop/files/702.B-4_740x.jpg?v=1686565470, 7-10.in/cdn/shop/files/preview_images/749b2bc68d8148f29e0adfdc8d2923b9.thumbnail.0000000000_740x.jpg?v=1687945614"
high-top,304 beige doodle print canvas high-top sneaker,https://7-10.in/collections/high-top/products/men-beige-blue-hightop-sneakers-710-304-mb,7-10.in/cdn/shop/products/710.304.MB-1_400x.jpg?v=1651042417,"Rs. 4,799.00","Rs. 3,360.00",Description not found.,"40, 41, 42, 43, 44, 45","7-10.in/cdn/shop/products/710.304.MB-1_740x.jpg?v=1651042417, 7-10.in/cdn/shop/products/710.304.MB-2_740x.jpg?v=1651042420, 7-10.in/cdn/shop/products/710.304.MB-3_740x.jpg?v=1651042426, 7-10.in/cdn/shop/products/710.304.MB-4_740x.jpg?v=1651042428"
high-top,313 beige applique canvas high-top sneaker,https://7-10.in/collections/high-top/products/men-beige-applique-canvas-hightop-sneakers-710-313-mr,7-10.in/cdn/shop/files/710.313.MR-1_400x.jpg?v=1709116065,"Rs. 4,799.00","Rs. 3,360.00",Description not found.,"40, 41, 42, 43, 44, 45","7-10.in/cdn/shop/files/710.313.MR-1_740x.jpg?v=1709116065, 7-10.in/cdn/shop/files/710.313.MR-2_740x.jpg?v=1709116065, 7-10.in/cdn/shop/files/710.313.MR-3_740x.jpg?v=1709116064, 7-10.in/cdn/shop/files/710.313.MR-4_740x.jpg?v=1709116065, 7-10.in/cdn/shop/files/710.313.MR-5_740x.jpg?v=1709116064, 7-10.in/cdn/shop/files/preview_images/6a3a0e15ffc04a0c8470bfeb7aa25b83.thumbnail.0000000000_740x.jpg?v=1709116078"
high-top,408 black quilted chunky sneaker,https://7-10.in/collections/high-top/products/710-408-mb,7-10.in/cdn/shop/products/408.MB-1_400x.jpg?v=1661768688,"Rs. 5,799.00","Rs. 4,060.00",Description not found.,"40, 41, 42, 43, 44, 45, 46","7-10.in/cdn/shop/products/408.MB-1_740x.jpg?v=1661768688, 7-10.in/cdn/shop/products/408.MB-2_740x.jpg?v=1661768688, 7-10.in/cdn/shop/products/408.MB-3_740x.jpg?v=1661768688, 7-10.in/cdn/shop/products/408.MB-4_740x.jpg?v=1661768687"
high-top,705 blue white applique high-top sneaker,https://7-10.in/collections/high-top/products/men-blue-white-hightop-sneakers-710-705-mb,7-10.in/cdn/shop/files/710.705.MB-1_400x.jpg?v=1709114930,"Rs. 5,599.00","Rs. 3,920.00",Description not found.,"40, 41, 42, 43, 44, 45, 46","7-10.in/cdn/shop/files/710.705.MB-1_740x.jpg?v=1709114930, 7-10.in/cdn/shop/files/710.705.MB-2_740x.jpg?v=1709114930, 7-10.in/cdn/shop/files/710.705.MB-3_740x.jpg?v=1709114931, 7-10.in/cdn/shop/files/710.705.MB-4_740x.jpg?v=1709114930, 7-10.in/cdn/shop/files/710.705.MB-5_740x.jpg?v=1709114931, 7-10.in/cdn/shop/files/preview_images/7d3349064c70470087e565f42fd0b729.thumbnail.0000000000_740x.jpg?v=1709114944"
high-top,710 white yellow red mid-top sneaker,https://7-10.in/collections/high-top/products/men-multicoloured-white-hightop-sneakers-710-710-mw,7-10.in/cdn/shop/products/710.MW-1_400x.jpg?v=1677752616,"Rs. 5,599.00","Rs. 3,920.00",Description not found.,"40, 41, 42, 43, 44, 45, 46","7-10.in/cdn/shop/products/710.MW-1_740x.jpg?v=1677752616, 7-10.in/cdn/shop/products/710.MW-2_740x.jpg?v=1677752616, 7-10.in/cdn/shop/products/710.MW-3_740x.jpg?v=1677752616, 7-10.in/cdn/shop/products/710.MW-4_740x.jpg?v=1677752615, 7-10.in/cdn/shop/products/c6ea2f253a9141f493deffc4a5efd709.thumbnail.0000000000_740x.jpg?v=1678377282, 7-10.in/cdn/shop/products/710.MW-6_740x.jpg?v=1678377258"
high-top,703 white & blue high-top sneaker,https://7-10.in/collections/high-top/products/men-white-blue-hightop-sneakers-710-703-mw,7-10.in/cdn/shop/products/703.MW-1_400x.jpg?v=1720158724,"Rs. 5,399.00","Rs. 3,780.00",Description not found.,"40, 41, 42, 43, 44, 45, 46","7-10.in/cdn/shop/products/703.MW-1_740x.jpg?v=1720158724, 7-10.in/cdn/shop/products/703.MW-2_740x.jpg?v=1720158724, 7-10.in/cdn/shop/products/703.MW-3_740x.jpg?v=1720158724, 7-10.in/cdn/shop/products/703.MW-4_740x.jpg?v=1720158724, 7-10.in/cdn/shop/products/82628d02f3824ecd8af3b382bee98d3b.thumbnail.0000000000_740x.jpg?v=1678364602, 7-10.in/cdn/shop/products/703.MW-6_740x.jpg?v=1720158724, 7-10.in/cdn/shop/files/703_c044371b-deab-49cb-909a-f115bd25a2db_740x.jpg?v=1720158724"
high-top,717 black white graphic high-top sneaker,https://7-10.in/collections/high-top/products/men-black-white-graphic-hightop-sneakers-710-717-mb,7-10.in/cdn/shop/files/710.717.MB-1_400x.jpg?v=1709114415,"Rs. 5,599.00","Rs. 3,920.00",Description not found.,"40, 41, 42, 43, 44, 45, 46","7-10.in/cdn/shop/files/710.717.MB-1_740x.jpg?v=1709114415, 7-10.in/cdn/shop/files/710.717.MB-2_740x.jpg?v=1709114417, 7-10.in/cdn/shop/files/710.717.MB-3_740x.jpg?v=1709114416, 7-10.in/cdn/shop/files/710.717.MB-4_740x.jpg?v=1709114416, 7-10.in/cdn/shop/files/710.717.MB-5_740x.jpg?v=1709114416, 7-10.in/cdn/shop/files/preview_images/bc30910068b14320b3d5c6a74bea874e.thumbnail.0000000000_740x.jpg?v=1709114429"
high-top,716 white blue technical high-top sneaker,https://7-10.in/collections/high-top/products/men-white-blue-hightop-sneakers-710-716-mw,7-10.in/cdn/shop/files/710.716.MW-1_400x.jpg?v=1709114272,"Rs. 5,399.00","Rs. 3,780.00",Description not found.,"40, 41, 42, 43, 44, 45, 46","7-10.in/cdn/shop/files/710.716.MW-1_740x.jpg?v=1709114272, 7-10.in/cdn/shop/files/710.716.MW-2_740x.jpg?v=1709114271, 7-10.in/cdn/shop/files/710.716.MW-3_740x.jpg?v=1709114272, 7-10.in/cdn/shop/files/710.716.MW-4_740x.jpg?v=1709114271, 7-10.in/cdn/shop/files/710.716.MW-5_740x.jpg?v=1709114271, 7-10.in/cdn/shop/files/preview_images/33bb01d96fec43289cb5aed77e603683.thumbnail.0000000000_740x.jpg?v=1709114284"
high-top,710 black orange blue mid-top sneaker,https://7-10.in/collections/high-top/products/men-multicoloured-black-hightop-sneakers-710-710-mb,7-10.in/cdn/shop/products/710.MB-1_400x.jpg?v=1678526003,"Rs. 5,599.00","Rs. 3,920.00",Description not found.,"40, 41, 42, 43, 44, 45, 46","7-10.in/cdn/shop/products/710.MB-1_740x.jpg?v=1678526003, 7-10.in/cdn/shop/products/710.MB-2_740x.jpg?v=1678526003, 7-10.in/cdn/shop/products/710.MB-3_740x.jpg?v=1678526003, 7-10.in/cdn/shop/products/710.MB-4_740x.jpg?v=1678526003, 7-10.in/cdn/shop/products/f4e713880db947538cac002620364b3a.thumbnail.0000000000_740x.jpg?v=1678377171, 7-10.in/cdn/shop/products/710.MB-6_740x.jpg?v=1678526003"
high-top,209 White Orange Graphic High-Top Sneaker,https://7-10.in/collections/high-top/products/710-209-mw,7-10.in/cdn/shop/products/710.209.MW-1_400x.png?v=1641450662,"Rs. 5,399.00","Rs. 3,780.00",Description not found.,"40, 41, 42, 43, 44, 45","7-10.in/cdn/shop/products/710.209.MW-1_740x.png?v=1641450662, 7-10.in/cdn/shop/products/710.209.MW-2_740x.png?v=1641450663, 7-10.in/cdn/shop/products/710.209.MW-3_740x.png?v=1641450662, 7-10.in/cdn/shop/products/710.209.MW-4_740x.png?v=1641450662"
high-top,209 Black Graphic High-Top Sneaker,https://7-10.in/collections/high-top/products/710-209-mb,7-10.in/cdn/shop/products/710.209.MB-1_400x.png?v=1641450600,"Rs. 5,399.00","Rs. 3,780.00",Description not found.,"40, 41, 42, 43, 44, 45","7-10.in/cdn/shop/products/710.209.MB-1_740x.png?v=1641450600, 7-10.in/cdn/shop/products/710.209.MB-2_740x.png?v=1641450599, 7-10.in/cdn/shop/products/710.209.MB-3_740x.png?v=1641450599, 7-10.in/cdn/shop/products/710.209.MB-4_740x.png?v=1641450599"
high-top,705 white red applique high-top sneaker,https://7-10.in/collections/high-top/products/men-white-red-applique-hightop-sneakers-710-705-mr,7-10.in/cdn/shop/files/710.705.MR-1_400x.jpg?v=1711613367,"Rs. 5,599.00","Rs. 3,920.00",Description not found.,"40, 41, 42, 43, 44, 45, 46","7-10.in/cdn/shop/files/710.705.MR-1_740x.jpg?v=1711613367, 7-10.in/cdn/shop/files/710.705.MR-2_740x.jpg?v=1711613367, 7-10.in/cdn/shop/files/710.705.MR-3_740x.jpg?v=1711613367, 7-10.in/cdn/shop/files/710.705.MR-4_740x.jpg?v=1711613367, 7-10.in/cdn/shop/files/710.705.MR-5_740x.jpg?v=1711613367, 7-10.in/cdn/shop/files/preview_images/aa07de0827c54132976ed2f1465157b3.thumbnail.0000000000_740x.jpg?v=1709115059"
high-top,714 orange black high-top sneaker,https://7-10.in/collections/high-top/products/men-orange-black-hightop-sneakers-710-714-mo,7-10.in/cdn/shop/files/710.714.MO-1_400x.jpg?v=1709114793,"Rs. 5,399.00","Rs. 3,780.00",Description not found.,"40, 41, 42, 43, 44, 45, 46","7-10.in/cdn/shop/files/710.714.MO-1_740x.jpg?v=1709114793, 7-10.in/cdn/shop/files/710.714.MO-2_740x.jpg?v=1709114794, 7-10.in/cdn/shop/files/710.714.MO-3_740x.jpg?v=1709114794, 7-10.in/cdn/shop/files/710.714.MO-4_740x.jpg?v=1709114793, 7-10.in/cdn/shop/files/710.714.MO-5_740x.jpg?v=1709114793, 7-10.in/cdn/shop/files/preview_images/d52241267a354e07b8608d3a5b49a743.thumbnail.0000000000_740x.jpg?v=1709114806"
high-top,714 black white high-top sneaker,https://7-10.in/collections/high-top/products/men-black-white-hightop-sneakers-710-714-mb,7-10.in/cdn/shop/files/710.714.MB-1_400x.jpg?v=1709114563,"Rs. 5,399.00","Rs. 3,780.00",Description not found.,"40, 41, 42, 43, 44, 45, 46","7-10.in/cdn/shop/files/710.714.MB-1_740x.jpg?v=1709114563, 7-10.in/cdn/shop/files/710.714.MB-2_740x.jpg?v=1709114564, 7-10.in/cdn/shop/files/710.714.MB-3_740x.jpg?v=1709114564, 7-10.in/cdn/shop/files/710.714.MB-4_740x.jpg?v=1709114563, 7-10.in/cdn/shop/files/710.714.MB-5_740x.jpg?v=1709114563, 7-10.in/cdn/shop/files/preview_images/f27536e34cce428cae5e0a82eb1bccd6.thumbnail.0000000000_740x.jpg?v=1709114577"
high-top,716 triple white technical high-top sneaker,https://7-10.in/collections/high-top/products/710-716-mtw,7-10.in/cdn/shop/files/710.716.MTW-1_400x.jpg?v=1720158796,"Rs. 5,399.00","Rs. 3,780.00",Description not found.,"40, 41, 42, 43, 44, 45, 46","7-10.in/cdn/shop/files/710.716.MTW-1_740x.jpg?v=1720158796, 7-10.in/cdn/shop/files/710.716.MTW-2_740x.jpg?v=1720158796, 7-10.in/cdn/shop/files/710.716.MTW-3_740x.jpg?v=1720158796, 7-10.in/cdn/shop/files/710.716.MTW-4_740x.jpg?v=1720158796, 7-10.in/cdn/shop/files/710.716.MTW-5_740x.jpg?v=1720158796, 7-10.in/cdn/shop/files/preview_images/fc09d49a506e4cff83f5a073a363949c.thumbnail.0000000000_740x.jpg?v=1709114003, 7-10.in/cdn/shop/files/716_d3d5354b-dedf-4da0-a02a-d51e35674c40_740x.jpg?v=1720158796"
high-top,703 black & white high-top sneaker,https://7-10.in/collections/high-top/products/men-black-white-hightop-sneakers-710-703-mb,7-10.in/cdn/shop/products/703.MB-1_400x.jpg?v=1677751916,"Rs. 5,399.00","Rs. 3,780.00",Description not found.,"40, 41, 42, 43, 44, 45, 46","7-10.in/cdn/shop/products/703.MB-1_740x.jpg?v=1677751916, 7-10.in/cdn/shop/products/703.MB-2_740x.jpg?v=1677751916, 7-10.in/cdn/shop/products/703.MB-3_740x.jpg?v=1677751916, 7-10.in/cdn/shop/products/703.MB-4_740x.jpg?v=1677751916, 7-10.in/cdn/shop/products/606f02be71dc44cbb11b15f89e591a63.thumbnail.0000000000_740x.jpg?v=1678364535, 7-10.in/cdn/shop/products/703.MB-6_740x.jpg?v=1678364513"
chunkies,408 black quilted chunky sneaker,https://7-10.in/collections/chunkies/products/710-408-mb,7-10.in/cdn/shop/products/408.MB-1_400x.jpg?v=1661768688,"Rs. 5,799.00","Rs. 4,060.00",Description not found.,"40, 41, 42, 43, 44, 45, 46","7-10.in/cdn/shop/products/408.MB-1_740x.jpg?v=1661768688, 7-10.in/cdn/shop/products/408.MB-2_740x.jpg?v=1661768688, 7-10.in/cdn/shop/products/408.MB-3_740x.jpg?v=1661768688, 7-10.in/cdn/shop/products/408.MB-4_740x.jpg?v=1661768687"
chunkies,722 white blue graphic chunky sneaker,https://7-10.in/collections/chunkies/products/men-white-blue-graphic-chunky-sneakers-710-722-mw,7-10.in/cdn/shop/files/710.722.MW-1_400x.jpg?v=1709112598,"Rs. 5,999.00","Rs. 3,000.00",Description not found.,"40, 41, 42, 43, 44, 45, 46","7-10.in/cdn/shop/files/710.722.MW-1_740x.jpg?v=1709112598, 7-10.in/cdn/shop/files/710.722.MW-2_740x.jpg?v=1709112599, 7-10.in/cdn/shop/files/710.722.MW-3_740x.jpg?v=1709112598, 7-10.in/cdn/shop/files/710.722.MW-4_740x.jpg?v=1709112599, 7-10.in/cdn/shop/files/710.722.MW-5_740x.jpg?v=1709112598, 7-10.in/cdn/shop/files/preview_images/697aef74a2b34826995d018d403e9913.thumbnail.0000000000_740x.jpg?v=1709112612"
chunkies,722 black red graphic chunky sneaker,https://7-10.in/collections/chunkies/products/men-black-red-chunky-sneakers-710-722-mb,7-10.in/cdn/shop/files/710.722.MB-1_400x.jpg?v=1709112446,"Rs. 5,999.00","Rs. 4,200.00",Description not found.,"40, 41, 42, 43, 44, 45, 46","7-10.in/cdn/shop/files/710.722.MB-1_740x.jpg?v=1709112446, 7-10.in/cdn/shop/files/710.722.MB-2_740x.jpg?v=1709112447, 7-10.in/cdn/shop/files/710.722.MB-3_740x.jpg?v=1709112446, 7-10.in/cdn/shop/files/710.722.MB-4_740x.jpg?v=1709112447, 7-10.in/cdn/shop/files/710.722.MB-5_740x.jpg?v=1709112447, 7-10.in/cdn/shop/files/preview_images/d455dad6e97444dc999d8a7676e078f9.thumbnail.0000000000_740x.jpg?v=1709112460"
chunkies,727 white black buckle chunky sneaker,https://7-10.in/collections/chunkies/products/men-white-black-buckle-chunky-710-727-mw,7-10.in/cdn/shop/files/1_86894b55-4c82-4841-91f2-6625fac89bbc_400x.jpg?v=1694773891,"Rs. 5,999.00","Rs. 4,200.00",Description not found.,"40, 41, 42, 43, 44, 45, 46","7-10.in/cdn/shop/files/1_86894b55-4c82-4841-91f2-6625fac89bbc_740x.jpg?v=1694773891, 7-10.in/cdn/shop/files/2_1d67f7ab-9501-4708-929a-dd4d30aac842_740x.jpg?v=1694773891, 7-10.in/cdn/shop/files/3_f0af1951-9cb8-4664-bee3-8a23319190b6_740x.jpg?v=1694773891, 7-10.in/cdn/shop/files/4_3c4a113b-9ffb-49c6-8b51-582c22ab1638_740x.jpg?v=1694773891, 7-10.in/cdn/shop/files/preview_images/5c704130d52347cd947a3206aa527e6a.thumbnail.0000000000_740x.jpg?v=1694773900, 7-10.in/cdn/shop/files/6_d2b87168-60f5-4bd9-8221-973e46525faf_740x.jpg?v=1694773891"
chunkies,727 black white buckle chunky sneaker,https://7-10.in/collections/chunkies/products/men-black-buckle-chunky-710-727-mb,7-10.in/cdn/shop/files/1_b10a3cf2-b73a-47e6-a595-c50827c0dbfe_400x.jpg?v=1694773811,"Rs. 5,999.00","Rs. 4,200.00",Description not found.,"40, 41, 42, 43, 44, 45, 46","7-10.in/cdn/shop/files/1_b10a3cf2-b73a-47e6-a595-c50827c0dbfe_740x.jpg?v=1694773811, 7-10.in/cdn/shop/files/2_8aef8126-b5b8-46dd-a98a-239bec0d9c8c_740x.jpg?v=1694773811, 7-10.in/cdn/shop/files/3_d0df0e65-8ac0-4e61-a91c-b2dd21815ad5_740x.jpg?v=1694773811, 7-10.in/cdn/shop/files/4_f3818669-71e1-423e-a171-a65521bd8540_740x.jpg?v=1694773811, 7-10.in/cdn/shop/files/preview_images/7fe06af946274fe8a7357096872a325f.thumbnail.0000000000_740x.jpg?v=1694773816, 7-10.in/cdn/shop/files/6_24b57ba4-a82e-4380-9bc1-d94fdafb35ca_740x.jpg?v=1694773811"
chunkies,721 black exoskeleton chunky sneaker,https://7-10.in/collections/chunkies/products/men-black-chunky-sneakers-710-721-mb,7-10.in/cdn/shop/files/1_4ee8528a-cd40-4dec-8186-8eb199b92c4d_400x.jpg?v=1694773495,"Rs. 5,999.00","Rs. 4,200.00",Description not found.,"40, 41, 42, 43, 44, 45, 46","7-10.in/cdn/shop/files/1_4ee8528a-cd40-4dec-8186-8eb199b92c4d_740x.jpg?v=1694773495, 7-10.in/cdn/shop/files/2_5e8bddce-487e-4677-907e-3965be27a031_740x.jpg?v=1694773495, 7-10.in/cdn/shop/files/3_ef465251-e78a-4f52-90f6-09c793733f6a_740x.jpg?v=1694773495, 7-10.in/cdn/shop/files/4_555befee-f180-4e17-9632-2aaa81bc287b_740x.jpg?v=1694773495, 7-10.in/cdn/shop/files/preview_images/b4f27ba8827c4cbbb68a1564b9e507e8.thumbnail.0000000000_740x.jpg?v=1697522814, 7-10.in/cdn/shop/files/6_f25ede60-5327-429b-9389-fb2601f2bc35_740x.jpg?v=1697523035"
chunkies,732 black over-panelled chunky sneaker,https://7-10.in/collections/chunkies/products/men-black-overpanelled-chunky-710-732-mb,7-10.in/cdn/shop/files/1_1c110e42-31e2-4593-ab0f-67727f6b9475_400x.jpg?v=1694773944,"Rs. 5,999.00","Rs. 4,200.00",Description not found.,"40, 41, 42, 43, 44, 45, 46","7-10.in/cdn/shop/files/1_1c110e42-31e2-4593-ab0f-67727f6b9475_740x.jpg?v=1694773944, 7-10.in/cdn/shop/files/2_ccbbee50-c811-47c8-9962-f0a8dd32a8cd_740x.jpg?v=1694773944, 7-10.in/cdn/shop/files/3_ea59a6f9-43fa-4e6b-bcca-9f1ddccdbe09_740x.jpg?v=1694773944, 7-10.in/cdn/shop/files/4_ac12d2c4-9f14-4a80-9cae-ace85e256f9a_740x.jpg?v=1694773944, 7-10.in/cdn/shop/files/preview_images/57b646d714bd4f0999965b520ac63e33.thumbnail.0000000000_740x.jpg?v=1694773950, 7-10.in/cdn/shop/files/6_81aed2dc-f128-4be4-ba63-484d89aaee77_740x.jpg?v=1694773944"
chunkies,732 grey over-panelled chunky sneaker,https://7-10.in/collections/chunkies/products/men-grey-overpanelled-chunky-710-732-mg,7-10.in/cdn/shop/files/1_8a8d94a6-6eb7-4c84-a4e4-2df1cce0c570_400x.jpg?v=1694773996,"Rs. 5,999.00","Rs. 4,200.00",Description not found.,"40, 41, 42, 43, 44, 45, 46","7-10.in/cdn/shop/files/1_8a8d94a6-6eb7-4c84-a4e4-2df1cce0c570_740x.jpg?v=1694773996, 7-10.in/cdn/shop/files/2_020d4292-0612-4243-91c0-19ff8f4e71c9_740x.jpg?v=1694773996, 7-10.in/cdn/shop/files/3_f7e50bd8-63f3-4e4c-8adc-3e2513354cbb_740x.jpg?v=1694773996, 7-10.in/cdn/shop/files/4_4e7ea3e1-b655-4006-b1ad-17f182a11180_740x.jpg?v=1694773996, 7-10.in/cdn/shop/files/preview_images/f5d16750af424bec8817819fc0c14d65.thumbnail.0000000000_740x.jpg?v=1694774010, 7-10.in/cdn/shop/files/6_98b48e44-5e3c-47c3-8174-e232fa66640c_740x.jpg?v=1694773996"
chunkies,708 black mesh chunky sneaker,https://7-10.in/collections/chunkies/products/men-black-chunky-sneakers-710-708-mb,7-10.in/cdn/shop/products/708.MB-1_400x.jpg?v=1677752515,"Rs. 5,999.00","Rs. 4,200.00",Description not found.,"40, 41, 42, 43, 44, 45, 46","7-10.in/cdn/shop/products/708.MB-1_740x.jpg?v=1677752515, 7-10.in/cdn/shop/products/708.MB-2_740x.jpg?v=1677752515, 7-10.in/cdn/shop/products/708.MB-3_740x.jpg?v=1677752515, 7-10.in/cdn/shop/products/708.MB-4_740x.jpg?v=1677752530, 7-10.in/cdn/shop/products/4429ee1d4feb49dd9682cfc98cf44663.thumbnail.0000000000_740x.jpg?v=1678376919, 7-10.in/cdn/shop/products/708.MB-6_740x.jpg?v=1678376901"
chunkies,724 white sport chunky sneaker,https://7-10.in/collections/chunkies/products/men-white-sport-chunky-sneakers-710-724-mw,7-10.in/cdn/shop/files/710.724.MW-1_400x.jpg?v=1709110948,"Rs. 5,999.00","Rs. 4,200.00",Description not found.,"40, 41, 42, 43, 44, 45, 46","7-10.in/cdn/shop/files/710.724.MW-1_740x.jpg?v=1709110948, 7-10.in/cdn/shop/files/710.724.MW-2_740x.jpg?v=1709110949, 7-10.in/cdn/shop/files/710.724.MW-3_740x.jpg?v=1709110949, 7-10.in/cdn/shop/files/710.724.MW-4_740x.jpg?v=1709110949, 7-10.in/cdn/shop/files/710.724.MW-5_740x.jpg?v=1709110949, 7-10.in/cdn/shop/files/preview_images/fb37d96200534122a135119f5b69c891.thumbnail.0000000000_740x.jpg?v=1709110962"
chunkies,724 black sport chunky sneaker,https://7-10.in/collections/chunkies/products/men-black-sport-chunky-sneakers-710-724-mb,7-10.in/cdn/shop/files/710.724.MB-1_400x.jpg?v=1709110481,"Rs. 5,999.00","Rs. 4,200.00",Description not found.,"40, 41, 42, 43, 44, 45, 46","7-10.in/cdn/shop/files/710.724.MB-1_740x.jpg?v=1709110481, 7-10.in/cdn/shop/files/710.724.MB-2_740x.jpg?v=1709110481, 7-10.in/cdn/shop/files/710.724.MB-3_740x.jpg?v=1709110481, 7-10.in/cdn/shop/files/710.724.MB-4_740x.jpg?v=1709110481, 7-10.in/cdn/shop/files/710.724.MB-5_740x.jpg?v=1709110481, 7-10.in/cdn/shop/files/preview_images/0ad8b2630b214961949f18f194e89e45.thumbnail.0000000000_740x.jpg?v=1709110494"
chunkies-women,707 white mesh chunky sneaker,https://7-10.in/collections/chunkies-women/products/women-white-chunky-sneakers-710-707-ww,7-10.in/cdn/shop/products/707.WW-1_400x.jpg?v=1677752190,"Rs. 5,999.00","Rs. 4,200.00",Description not found.,"35, 36, 37, 38, 39, 40, 41","7-10.in/cdn/shop/products/707.WW-1_740x.jpg?v=1677752190, 7-10.in/cdn/shop/products/707.WW-2_740x.jpg?v=1677752190, 7-10.in/cdn/shop/products/707.WW-3_740x.jpg?v=1677752191, 7-10.in/cdn/shop/products/707.WW-4_740x.jpg?v=1677752191, 7-10.in/cdn/shop/products/1c0d1dcd13a346e98418836fe4a31e7f.thumbnail.0000000000_740x.jpg?v=1678376734, 7-10.in/cdn/shop/products/707.WW-6_740x.jpg?v=1678376711"
chunkies-women,733 white over-panelled chunky sneaker,https://7-10.in/collections/chunkies-women/products/women-white-overpanelled-chunky-710-733-ww,7-10.in/cdn/shop/files/1_4011d051-cdf3-403a-8bce-feb1950489e7_400x.jpg?v=1694774127,"Rs. 5,999.00","Rs. 4,200.00",Description not found.,"35, 36, 37, 38, 39, 40, 41","7-10.in/cdn/shop/files/1_4011d051-cdf3-403a-8bce-feb1950489e7_740x.jpg?v=1694774127, 7-10.in/cdn/shop/files/2_3a5fea4d-8498-4a9a-be62-da674aecda19_740x.jpg?v=1694774127, 7-10.in/cdn/shop/files/3_037b8b01-81f5-4176-b10c-ed3a46806473_740x.jpg?v=1694774127, 7-10.in/cdn/shop/files/4_7c6570bb-7fd7-4e33-bf52-d8c60d728f94_740x.jpg?v=1694774127, 7-10.in/cdn/shop/files/preview_images/e5beaab55cbb4edf91c5f6ea613f228e.thumbnail.0000000000_740x.jpg?v=1694774141, 7-10.in/cdn/shop/files/6_b99b2cfe-d90f-4857-a187-e335fc976bf6_740x.jpg?v=1694774127"
chunkies-women,733 black over-panelled chunky sneaker,https://7-10.in/collections/chunkies-women/products/women-black-overpanelled-chunky-710-733-wb,7-10.in/cdn/shop/files/1_ff14238b-27e4-4588-8050-39551e67f6f4_400x.jpg?v=1694774052,"Rs. 5,999.00","Rs. 4,200.00",Description not found.,"35, 36, 37, 38, 39, 40, 41","7-10.in/cdn/shop/files/1_ff14238b-27e4-4588-8050-39551e67f6f4_740x.jpg?v=1694774052, 7-10.in/cdn/shop/files/2_ae52d67f-8d34-40b7-9d4d-22f6b149acb5_740x.jpg?v=1694774052, 7-10.in/cdn/shop/files/3_f98bf85e-5e3e-43a7-851e-36addc1a0627_740x.jpg?v=1694774052, 7-10.in/cdn/shop/files/4_ca163f5e-d3d0-4646-a344-e241761b6127_740x.jpg?v=1694774052, 7-10.in/cdn/shop/files/preview_images/8f7c69997251427da5d99856d33e4632.thumbnail.0000000000_740x.jpg?v=1694774078, 7-10.in/cdn/shop/files/6_fe5888b6-5520-43d7-b4ec-b11252a69351_740x.jpg?v=1694774052"
chunkies-women,726 white silver buckle chunky sneaker,https://7-10.in/collections/chunkies-women/products/women-white-silver-chunky-sneakers-710-726-ww,7-10.in/cdn/shop/files/1_b90de9d2-6f80-47fe-b9b5-befbbcfffc24_400x.jpg?v=1694773731,"Rs. 5,999.00","Rs. 4,200.00",Description not found.,"35, 36, 37, 38, 39, 40, 41","7-10.in/cdn/shop/files/1_b90de9d2-6f80-47fe-b9b5-befbbcfffc24_740x.jpg?v=1694773731, 7-10.in/cdn/shop/files/2_8381622d-e84a-4852-981d-af203d3a5d5e_740x.jpg?v=1694773731, 7-10.in/cdn/shop/files/3_12a5e19f-4695-4a21-adb1-ac3c08884251_740x.jpg?v=1694773731, 7-10.in/cdn/shop/files/4_94451f86-28b5-47fe-927e-56fa6d78c237_740x.jpg?v=1694773731, 7-10.in/cdn/shop/files/preview_images/bdf16773407044d1a95cde6e9f525663.thumbnail.0000000000_740x.jpg?v=1694773741, 7-10.in/cdn/shop/files/6_aa8ed57b-362a-4d3c-87cd-7ebbb9ef2a2b_740x.jpg?v=1694773731"
chunkies-women,726 black gold buckle chunky sneaker,https://7-10.in/collections/chunkies-women/products/women-black-gold-chunky-sneakers-710-726-wb,7-10.in/cdn/shop/files/1_ce073820-30cb-4b12-abc0-c9dd9848cc03_400x.jpg?v=1694773652,"Rs. 5,999.00","Rs. 4,200.00",Description not found.,"35, 36, 37, 38, 39, 40, 41","7-10.in/cdn/shop/files/1_ce073820-30cb-4b12-abc0-c9dd9848cc03_740x.jpg?v=1694773652, 7-10.in/cdn/shop/files/2_0bae72ed-cd1f-4030-8713-9b67041325a8_740x.jpg?v=1694773652, 7-10.in/cdn/shop/files/3_b964592d-6d8d-44cc-b897-de2d8b4ba514_740x.jpg?v=1694773652, 7-10.in/cdn/shop/files/4_b226dd17-6185-47eb-9865-601527d59ccc_740x.jpg?v=1694773652, 7-10.in/cdn/shop/files/preview_images/c4f79cc197034855b0ae8cc153a2e6ed.thumbnail.0000000000_740x.jpg?v=1694773663, 7-10.in/cdn/shop/files/6_74c00eff-39c1-4f30-81be-c927c17ce559_740x.jpg?v=1694773652"
chunkies-women,728 beige graphic applique chunky sneaker,https://7-10.in/collections/chunkies-women/products/women-beige-graphic-chunky-sneakers-710-728-wb,7-10.in/cdn/shop/files/710.728.WB-1_400x.jpg?v=1709105251,"Rs. 5,999.00","Rs. 4,200.00",Description not found.,"35, 36, 37, 38, 39, 40, 41","7-10.in/cdn/shop/files/710.728.WB-1_740x.jpg?v=1709105251, 7-10.in/cdn/shop/files/710.728.WB-2_740x.jpg?v=1709105251, 7-10.in/cdn/shop/files/710.728.WB-3_740x.jpg?v=1709105251, 7-10.in/cdn/shop/files/710.728.WB-4_740x.jpg?v=1709105252, 7-10.in/cdn/shop/files/710.728.WB-5_740x.jpg?v=1709105251, 7-10.in/cdn/shop/files/preview_images/68b7dd84e94e4758826e62f36aa05982.thumbnail.0000000000_740x.jpg?v=1709105264"
chunkies-women,728 black graphic applique chunky sneaker,https://7-10.in/collections/chunkies-women/products/women-black-graphic-chunky-sneakers-710-728-wk,7-10.in/cdn/shop/files/710.728.WK-1_400x.jpg?v=1709104810,"Rs. 5,999.00","Rs. 4,200.00",Description not found.,"35, 36, 37, 38, 39, 40, 41","7-10.in/cdn/shop/files/710.728.WK-1_740x.jpg?v=1709104810, 7-10.in/cdn/shop/files/710.728.WK-2_740x.jpg?v=1709104810, 7-10.in/cdn/shop/files/710.728.WK-3_740x.jpg?v=1709104810, 7-10.in/cdn/shop/files/710.728.WK-4_740x.jpg?v=1709104810, 7-10.in/cdn/shop/files/710.728.WK-5_740x.jpg?v=1709104810, 7-10.in/cdn/shop/files/preview_images/369ed5880de741d982daf0f957b28660.thumbnail.0000000000_740x.jpg?v=1709104824"
chunkies-women,725 white sport chunky sneaker,https://7-10.in/collections/chunkies-women/products/women-white-sport-chunky-sneakers-710-725-ww,7-10.in/cdn/shop/files/710.725.WW-1_400x.jpg?v=1709110278,"Rs. 5,999.00","Rs. 4,200.00",Description not found.,"35, 36, 37, 38, 39, 40, 41","7-10.in/cdn/shop/files/710.725.WW-1_740x.jpg?v=1709110278, 7-10.in/cdn/shop/files/710.725.WW-2_740x.jpg?v=1709110278, 7-10.in/cdn/shop/files/710.725.WW-3_740x.jpg?v=1709110278, 7-10.in/cdn/shop/files/710.725.WW-4_740x.jpg?v=1709110279, 7-10.in/cdn/shop/files/710.725.WW-5_740x.jpg?v=1709110278, 7-10.in/cdn/shop/files/preview_images/71df368459ba46a4a6e1f4fc8ac36de3.thumbnail.0000000000_740x.jpg?v=1709110291"
chunkies-women,707 black mesh chunky sneaker,https://7-10.in/collections/chunkies-women/products/women-black-chunky-sneakers-710-707-wb,7-10.in/cdn/shop/products/707.WB-1_400x.jpg?v=1677752268,"Rs. 5,999.00","Rs. 4,200.00",Description not found.,"35, 36, 37, 38, 39, 40, 41","7-10.in/cdn/shop/products/707.WB-1_740x.jpg?v=1677752268, 7-10.in/cdn/shop/products/707.WB-2_740x.jpg?v=1677752268, 7-10.in/cdn/shop/products/707.WB-3_740x.jpg?v=1677752268, 7-10.in/cdn/shop/products/707.WB-4_740x.jpg?v=1677752268, 7-10.in/cdn/shop/products/7be895f696e74ab0b0a9dbc7d0e8acc8.thumbnail.0000000000_740x.jpg?v=1678376537, 7-10.in/cdn/shop/products/707.WB-6_740x.jpg?v=1678376515"
chunkies-women,725 black sport chunky sneaker,https://7-10.in/collections/chunkies-women/products/women-black-sport-chunky-sneakers-710-725-wb,7-10.in/cdn/shop/files/710.725.WB-1_400x.jpg?v=1709110060,"Rs. 5,999.00","Rs. 3,000.00",Description not found.,"35, 36, 37, 38, 39, 40, 41","7-10.in/cdn/shop/files/710.725.WB-1_740x.jpg?v=1709110060, 7-10.in/cdn/shop/files/710.725.WB-2_740x.jpg?v=1709110059, 7-10.in/cdn/shop/files/710.725.WB-3_740x.jpg?v=1709110059, 7-10.in/cdn/shop/files/710.725.WB-4_740x.jpg?v=1709110059, 7-10.in/cdn/shop/files/710.725.WB-5_740x.jpg?v=1709110059, 7-10.in/cdn/shop/files/preview_images/d047793287b342d68dd692e141a42d36.thumbnail.0000000000_740x.jpg?v=1709110072"
chunkies-women,713 white pink spray chunky sneaker,https://7-10.in/collections/chunkies-women/products/women-white-pink-chunky-sneakers-710-713-ww,7-10.in/cdn/shop/products/713.WW-1_400x.jpg?v=1677753524,"Rs. 5,999.00","Rs. 4,200.00",Description not found.,"35, 36, 37, 38, 39, 40, 41","7-10.in/cdn/shop/products/713.WW-1_740x.jpg?v=1677753524, 7-10.in/cdn/shop/products/713.WW-2_740x.jpg?v=1677753525, 7-10.in/cdn/shop/products/713.WW-3_740x.jpg?v=1677753524, 7-10.in/cdn/shop/products/713.WW-4_740x.jpg?v=1677753524, 7-10.in/cdn/shop/products/c32e425753bc4759b1c93a38378de2e0.thumbnail.0000000000_740x.jpg?v=1678377914, 7-10.in/cdn/shop/products/713.WW-6_740x.jpg?v=1678377891"
high-top-women,304 beige doodle print canvas high-top sneaker,https://7-10.in/collections/high-top-women/products/women-beige-yellow-hightop-sneakers-710-304-wy,7-10.in/cdn/shop/products/710.304.WY-1_400x.jpg?v=1651043475,"Rs. 4,799.00","Rs. 3,360.00",Description not found.,"36, 37, 38, 39, 40, 41","7-10.in/cdn/shop/products/710.304.WY-1_740x.jpg?v=1651043475, 7-10.in/cdn/shop/products/710.304.WY-2_740x.jpg?v=1651043478, 7-10.in/cdn/shop/products/710.304.WY-3_740x.jpg?v=1651043481, 7-10.in/cdn/shop/products/710.304.WY-4_740x.jpg?v=1651043486"
high-top-women,209 White Orange Graphic High-Top Sneaker,https://7-10.in/collections/high-top-women/products/710-209-ww,7-10.in/cdn/shop/products/710.209.WW-1_400x.png?v=1641452044,"Rs. 5,399.00","Rs. 2,699.00",Description not found.,"36, 37, 38, 39, 40, 41","7-10.in/cdn/shop/products/710.209.WW-1_740x.png?v=1641452044, 7-10.in/cdn/shop/products/710.209.WW-2_740x.png?v=1641452044, 7-10.in/cdn/shop/products/710.209.WW-3_740x.png?v=1641452044, 7-10.in/cdn/shop/products/710.209.WW-4_740x.png?v=1641452044"
high-top-women,209 Black Graphic High-Top Sneaker,https://7-10.in/collections/high-top-women/products/710-209-wb,7-10.in/cdn/shop/products/710.209.WB-1_400x.png?v=1641452019,"Rs. 5,399.00","Rs. 2,699.00",Description not found.,"36, 37, 38, 39, 40, 41","7-10.in/cdn/shop/products/710.209.WB-1_740x.png?v=1641452019, 7-10.in/cdn/shop/products/710.209.WB-2_740x.png?v=1641452019, 7-10.in/cdn/shop/products/710.209.WB-3_740x.png?v=1641452019, 7-10.in/cdn/shop/products/710.209.WB-4_740x.png?v=1641452021, 7-10.in/cdn/shop/files/DIANA_PENTY-_7-10_SAT-POST_740x.jpg?v=1722836484"
high-top-women,403 black beige tubing high-top sneaker,https://7-10.in/collections/high-top-women/products/710-403-wb,7-10.in/cdn/shop/products/403.WB-1_400x.jpg?v=1661768918,"Rs. 5,999.00","Rs. 3,000.00",Description not found.,"36, 37, 38, 39, 40, 41","7-10.in/cdn/shop/products/403.WB-1_740x.jpg?v=1661768918, 7-10.in/cdn/shop/products/403.WB-2_740x.jpg?v=1661768918, 7-10.in/cdn/shop/products/403.WB-3_740x.jpg?v=1661768918, 7-10.in/cdn/shop/products/403.WB-4_740x.jpg?v=1661768918"
high-top-women,204 White Rear-Lacing High-Top Sneaker,https://7-10.in/collections/high-top-women/products/710-204-ww,7-10.in/cdn/shop/products/710.204.WW-1_400x.png?v=1641451810,"Rs. 5,399.00","Rs. 2,700.00",Description not found.,"36, 37, 38, 39, 40","7-10.in/cdn/shop/products/710.204.WW-1_740x.png?v=1641451810, 7-10.in/cdn/shop/products/710.204.WW-2_740x.png?v=1641451811, 7-10.in/cdn/shop/products/710.204.WW-3_740x.png?v=1641451811, 7-10.in/cdn/shop/products/710.204.WW-4_740x.png?v=1641451811, 7-10.in/cdn/shop/files/GENELIA_bd5933f8-4ea4-420e-897c-993d82900ca8_740x.jpg?v=1722836590"
